Workbook
Name ListaFechas: LISTA_IDS!$F$2:$F$201

Sheet BASE_ALUMNOS
A1: ID | B1: Turno | C1: Grupo | D1: No. de lista | E1: Nombre del alumno
A2: 22001 | B2: Matutino | C2: 22 | D2: 1
A3: 22002 | B3: Matutino | C3: 22 | D3: 2
A4: 22003 | B4: Matutino | C4: 22 | D4: 3
A5: 22004 | B5: Matutino | C5: 22 | D5: 4
A6: 22005 | B6: Matutino | C6: 22 | D6: 5
A7: 22006 | B7: Matutino | C7: 22 | D7: 6
A8: 22007 | B8: Matutino | C8: 22 | D8: 7
A9: 22008 | B9: Matutino | C9: 22 | D9: 8
A10: 22009 | B10: Matutino | C10: 22 | D10: 9
A11: 22010 | B11: Matutino | C11: 22 | D11: 10
A12: 22011 | B12: Matutino | C12: 22 | D12: 11
A13: 22012 | B13: Matutino | C13: 22 | D13: 12
... A201: 26040 | B201: Matutino | C201: 26 | D201: 40

Sheet REGISTRO_ASISTENCIA
A1: Fecha | B1: ID ESCANEADO | C1: Nombre del alumno | D1: Turno | E1: Grupo | F1: Estatus | G1: Duplicado
A48: =IF(B48="","",TODAY()) | C48: =IF(B48="","",IFERROR(VLOOKUP(B48,BASE_ALUMNOS!$A$2:$E$361,5,FALSE),"ID NO ENCONTRADO")) | D48: =IF(B48="","",IFERROR(VLOOKUP(B48,BASE_ALUMNOS!$A$2:$E$361,2,FALSE),"")) | E48: =IF(B48="","",IFERROR(VLOOKUP(B48,BASE_ALUMNOS!$A$2:$E$361,3,FALSE),"")) | F48: =IF(B48="","","PRESENTE") | G48: =IF(B48="","",IF(COUNTIFS($A$2:A48,A48,$B$2:B48,B48)=1,"","⛔ YA REGISTRADO"))
A49: =IF(B49="","",TODAY()) | C49: =IF(B49="","",IFERROR(VLOOKUP(B49,BASE_ALUMNOS!$A$2:$E$361,5,FALSE),"ID NO ENCONTRADO")) | D49: =IF(B49="","",IFERROR(VLOOKUP(B49,BASE_ALUMNOS!$A$2:$E$361,2,FALSE),"")) | E49: =IF(B49="","",IFERROR(VLOOKUP(B49,BASE_ALUMNOS!$A$2:$E$361,3,FALSE),"")) | F49: =IF(B49="","","PRESENTE") | G49: =IF(B49="","",IF(COUNTIFS($A$2:A49,A49,$B$2:B49,B49)=1,"","⛔ YA REGISTRADO"))
A50: =IF(B50="","",TODAY()) | C50: =IF(B50="","",IFERROR(VLOOKUP(B50,BASE_ALUMNOS!$A$2:$E$361,5,FALSE),"ID NO ENCONTRADO")) | D50: =IF(B50="","",IFERROR(VLOOKUP(B50,BASE_ALUMNOS!$A$2:$E$361,2,FALSE),"")) | E50: =IF(B50="","",IFERROR(VLOOKUP(B50,BASE_ALUMNOS!$A$2:$E$361,3,FALSE),"")) | F50: =IF(B50="","","PRESENTE") | G50: =IF(B50="","",IF(COUNTIFS($A$2:A50,A50,$B$2:B50,B50)=1,"","⛔ YA REGISTRADO"))
A51: =IF(B51="","",TODAY()) | C51: =IF(B51="","",IFERROR(VLOOKUP(B51,BASE_ALUMNOS!$A$2:$E$361,5,FALSE),"ID NO ENCONTRADO")) | D51: =IF(B51="","",IFERROR(VLOOKUP(B51,BASE_ALUMNOS!$A$2:$E$361,2,FALSE),"")) | E51: =IF(B51="","",IFERROR(VLOOKUP(B51,BASE_ALUMNOS!$A$2:$E$361,3,FALSE),"")) | F51: =IF(B51="","","PRESENTE") | G51: =IF(B51="","",IF(COUNTIFS($A$2:A51,A51,$B$2:B51,B51)=1,"","⛔ YA REGISTRADO"))
A52: =IF(B52="","",TODAY()) | C52: =IF(B52="","",IFERROR(VLOOKUP(B52,BASE_ALUMNOS!$A$2:$E$361,5,FALSE),"ID NO ENCONTRADO")) | D52: =IF(B52="","",IFERROR(VLOOKUP(B52,BASE_ALUMNOS!$A$2:$E$361,2,FALSE),"")) | E52: =IF(B52="","",IFERROR(VLOOKUP(B52,BASE_ALUMNOS!$A$2:$E$361,3,FALSE),"")) | F52: =IF(B52="","","PRESENTE") | G52: =IF(B52="","",IF(COUNTIFS($A$2:A52,A52,$B$2:B52,B52)=1,"","⛔ YA REGISTRADO"))
A53: =IF(B53="","",TODAY()) | C53: =IF(B53="","",IFERROR(VLOOKUP(B53,BASE_ALUMNOS!$A$2:$E$361,5,FALSE),"ID NO ENCONTRADO")) | D53: =IF(B53="","",IFERROR(VLOOKUP(B53,BASE_ALUMNOS!$A$2:$E$361,2,FALSE),"")) | E53: =IF(B53="","",IFERROR(VLOOKUP(B53,BASE_ALUMNOS!$A$2:$E$361,3,FALSE),"")) | F53: =IF(B53="","","PRESENTE") | G53: =IF(B53="","",IF(COUNTIFS($A$2:A53,A53,$B$2:B53,B53)=1,"","⛔ YA REGISTRADO"))
A54: =IF(B54="","",TODAY()) | C54: =IF(B54="","",IFERROR(VLOOKUP(B54,BASE_ALUMNOS!$A$2:$E$361,5,FALSE),"ID NO ENCONTRADO")) | D54: =IF(B54="","",IFERROR(VLOOKUP(B54,BASE_ALUMNOS!$A$2:$E$361,2,FALSE),"")) | E54: =IF(B54="","",IFERROR(VLOOKUP(B54,BASE_ALUMNOS!$A$2:$E$361,3,FALSE),"")) | F54: =IF(B54="","","PRESENTE") | G54: =IF(B54="","",IF(COUNTIFS($A$2:A54,A54,$B$2:B54,B54)=1,"","⛔ YA REGISTRADO"))
A55: =IF(B55="","",TODAY()) | C55: =IF(B55="","",IFERROR(VLOOKUP(B55,BASE_ALUMNOS!$A$2:$E$361,5,FALSE),"ID NO ENCONTRADO")) | D55: =IF(B55="","",IFERROR(VLOOKUP(B55,BASE_ALUMNOS!$A$2:$E$361,2,FALSE),"")) | E55: =IF(B55="","",IFERROR(VLOOKUP(B55,BASE_ALUMNOS!$A$2:$E$361,3,FALSE),"")) | F55: =IF(B55="","","PRESENTE") | G55: =IF(B55="","",IF(COUNTIFS($A$2:A55,A55,$B$2:B55,B55)=1,"","⛔ YA REGISTRADO"))
A56: =IF(B56="","",TODAY()) | C56: =IF(B56="","",IFERROR(VLOOKUP(B56,BASE_ALUMNOS!$A$2:$E$361,5,FALSE),"ID NO ENCONTRADO")) | D56: =IF(B56="","",IFERROR(VLOOKUP(B56,BASE_ALUMNOS!$A$2:$E$361,2,FALSE),"")) | E56: =IF(B56="","",IFERROR(VLOOKUP(B56,BASE_ALUMNOS!$A$2:$E$361,3,FALSE),"")) | F56: =IF(B56="","","PRESENTE") | G56: =IF(B56="","",IF(COUNTIFS($A$2:A56,A56,$B$2:B56,B56)=1,"","⛔ YA REGISTRADO"))
A57: =IF(B57="","",TODAY()) | C57: =IF(B57="","",IFERROR(VLOOKUP(B57,BASE_ALUMNOS!$A$2:$E$361,5,FALSE),"ID NO ENCONTRADO")) | D57: =IF(B57="","",IFERROR(VLOOKUP(B57,BASE_ALUMNOS!$A$2:$E$361,2,FALSE),"")) | E57: =IF(B57="","",IFERROR(VLOOKUP(B57,BASE_ALUMNOS!$A$2:$E$361,3,FALSE),"")) | F57: =IF(B57="","","PRESENTE") | G57: =IF(B57="","",IF(COUNTIFS($A$2:A57,A57,$B$2:B57,B57)=1,"","⛔ YA REGISTRADO"))
A58: =IF(B58="","",TODAY()) | C58: =IF(B58="","",IFERROR(VLOOKUP(B58,BASE_ALUMNOS!$A$2:$E$361,5,FALSE),"ID NO ENCONTRADO")) | D58: =IF(B58="","",IFERROR(VLOOKUP(B58,BASE_ALUMNOS!$A$2:$E$361,2,FALSE),"")) | E58: =IF(B58="","",IFERROR(VLOOKUP(B58,BASE_ALUMNOS!$A$2:$E$361,3,FALSE),"")) | F58: =IF(B58="","","PRESENTE") | G58: =IF(B58="","",IF(COUNTIFS($A$2:A58,A58,$B$2:B58,B58)=1,"","⛔ YA REGISTRADO"))
A59: =IF(B59="","",TODAY()) | C59: =IF(B59="","",IFERROR(VLOOKUP(B59,BASE_ALUMNOS!$A$2:$E$361,5,FALSE),"ID NO ENCONTRADO")) | D59: =IF(B59="","",IFERROR(VLOOKUP(B59,BASE_ALUMNOS!$A$2:$E$361,2,FALSE),"")) | E59: =IF(B59="","",IFERROR(VLOOKUP(B59,BASE_ALUMNOS!$A$2:$E$361,3,FALSE),"")) | F59: =IF(B59="","","PRESENTE") | G59: =IF(B59="","",IF(COUNTIFS($A$2:A59,A59,$B$2:B59,B59)=1,"","⛔ YA REGISTRADO"))
... A544: =IF(B544="","",TODAY()) | C544: =IF(B544="","",IFERROR(VLOOKUP(B544,BASE_ALUMNOS!$A$2:$E$361,5,FALSE),"ID NO ENCONTRADO")) | D544: =IF(B544="","",IFERROR(VLOOKUP(B544,BASE_ALUMNOS!$A$2:$E$361,2,FALSE),"")) | E544: =IF(B544="","",IFERROR(VLOOKUP(B544,BASE_ALUMNOS!$A$2:$E$361,3,FALSE),"")) | F544: =IF(B544="","","PRESENTE") | G544: =IF(B544="","",IF(COUNTIFS($A$2:A544,A544,$B$2:B544,B544)=1,"","⛔ YA REGISTRADO"))
C545: =IF(B545="","",IFERROR(VLOOKUP(B545,BASE_ALUMNOS!$A$2:$E$361,5,FALSE),"ID NO ENCONTRADO")) | D545: =IF(B545="","",IFERROR(VLOOKUP(B545,BASE_ALUMNOS!$A$2:$E$361,2,FALSE),"")) | E545: =IF(B545="","",IFERROR(VLOOKUP(B545,BASE_ALUMNOS!$A$2:$E$361,3,FALSE),"")) | F545: =IF(B545="","","PRESENTE") | G545: =IF(B545="","",IF(COUNTIFS($A$2:A545,A545,$B$2:B545,B545)=1,"","⛔ YA REGISTRADO"))
C546: =IF(B546="","",IFERROR(VLOOKUP(B546,BASE_ALUMNOS!$A$2:$E$361,5,FALSE),"ID NO ENCONTRADO")) | D546: =IF(B546="","",IFERROR(VLOOKUP(B546,BASE_ALUMNOS!$A$2:$E$361,2,FALSE),"")) | E546: =IF(B546="","",IFERROR(VLOOKUP(B546,BASE_ALUMNOS!$A$2:$E$361,3,FALSE),"")) | F546: =IF(B546="","","PRESENTE") | G546: =IF(B546="","",IF(COUNTIFS($A$2:A546,A546,$B$2:B546,B546)=1,"","⛔ YA REGISTRADO"))
C547: =IF(B547="","",IFERROR(VLOOKUP(B547,BASE_ALUMNOS!$A$2:$E$361,5,FALSE),"ID NO ENCONTRADO")) | D547: =IF(B547="","",IFERROR(VLOOKUP(B547,BASE_ALUMNOS!$A$2:$E$361,2,FALSE),"")) | E547: =IF(B547="","",IFERROR(VLOOKUP(B547,BASE_ALUMNOS!$A$2:$E$361,3,FALSE),"")) | F547: =IF(B547="","","PRESENTE") | G547: =IF(B547="","",IF(COUNTIFS($A$2:A547,A547,$B$2:B547,B547)=1,"","⛔ YA REGISTRADO"))
C548: =IF(B548="","",IFERROR(VLOOKUP(B548,BASE_ALUMNOS!$A$2:$E$361,5,FALSE),"ID NO ENCONTRADO")) | D548: =IF(B548="","",IFERROR(VLOOKUP(B548,BASE_ALUMNOS!$A$2:$E$361,2,FALSE),"")) | E548: =IF(B548="","",IFERROR(VLOOKUP(B548,BASE_ALUMNOS!$A$2:$E$361,3,FALSE),"")) | F548: =IF(B548="","","PRESENTE") | G548: =IF(B548="","",IF(COUNTIFS($A$2:A548,A548,$B$2:B548,B548)=1,"","⛔ YA REGISTRADO"))
C549: =IF(B549="","",IFERROR(VLOOKUP(B549,BASE_ALUMNOS!$A$2:$E$361,5,FALSE),"ID NO ENCONTRADO")) | D549: =IF(B549="","",IFERROR(VLOOKUP(B549,BASE_ALUMNOS!$A$2:$E$361,2,FALSE),"")) | E549: =IF(B549="","",IFERROR(VLOOKUP(B549,BASE_ALUMNOS!$A$2:$E$361,3,FALSE),"")) | F549: =IF(B549="","","PRESENTE") | G549: =IF(B549="","",IF(COUNTIFS($A$2:A549,A549,$B$2:B549,B549)=1,"","⛔ YA REGISTRADO"))
C550: =IF(B550="","",IFERROR(VLOOKUP(B550,BASE_ALUMNOS!$A$2:$E$361,5,FALSE),"ID NO ENCONTRADO")) | D550: =IF(B550="","",IFERROR(VLOOKUP(B550,BASE_ALUMNOS!$A$2:$E$361,2,FALSE),"")) | E550: =IF(B550="","",IFERROR(VLOOKUP(B550,BASE_ALUMNOS!$A$2:$E$361,3,FALSE),"")) | F550: =IF(B550="","","PRESENTE") | G550: =IF(B550="","",IF(COUNTIFS($A$2:A550,A550,$B$2:B550,B550)=1,"","⛔ YA REGISTRADO"))
C551: =IF(B551="","",IFERROR(VLOOKUP(B551,BASE_ALUMNOS!$A$2:$E$361,5,FALSE),"ID NO ENCONTRADO")) | D551: =IF(B551="","",IFERROR(VLOOKUP(B551,BASE_ALUMNOS!$A$2:$E$361,2,FALSE),"")) | E551: =IF(B551="","",IFERROR(VLOOKUP(B551,BASE_ALUMNOS!$A$2:$E$361,3,FALSE),"")) | F551: =IF(B551="","","PRESENTE") | G551: =IF(B551="","",IF(COUNTIFS($A$2:A551,A551,$B$2:B551,B551)=1,"","⛔ YA REGISTRADO"))
C552: =IF(B552="","",IFERROR(VLOOKUP(B552,BASE_ALUMNOS!$A$2:$E$361,5,FALSE),"ID NO ENCONTRADO")) | D552: =IF(B552="","",IFERROR(VLOOKUP(B552,BASE_ALUMNOS!$A$2:$E$361,2,FALSE),"")) | E552: =IF(B552="","",IFERROR(VLOOKUP(B552,BASE_ALUMNOS!$A$2:$E$361,3,FALSE),"")) | F552: =IF(B552="","","PRESENTE") | G552: =IF(B552="","",IF(COUNTIFS($A$2:A552,A552,$B$2:B552,B552)=1,"","⛔ YA REGISTRADO"))
C553: =IF(B553="","",IFERROR(VLOOKUP(B553,BASE_ALUMNOS!$A$2:$E$361,5,FALSE),"ID NO ENCONTRADO")) | D553: =IF(B553="","",IFERROR(VLOOKUP(B553,BASE_ALUMNOS!$A$2:$E$361,2,FALSE),"")) | E553: =IF(B553="","",IFERROR(VLOOKUP(B553,BASE_ALUMNOS!$A$2:$E$361,3,FALSE),"")) | F553: =IF(B553="","","PRESENTE") | G553: =IF(B553="","",IF(COUNTIFS($A$2:A553,A553,$B$2:B553,B553)=1,"","⛔ YA REGISTRADO"))
C554: =IF(B554="","",IFERROR(VLOOKUP(B554,BASE_ALUMNOS!$A$2:$E$361,5,FALSE),"ID NO ENCONTRADO")) | D554: =IF(B554="","",IFERROR(VLOOKUP(B554,BASE_ALUMNOS!$A$2:$E$361,2,FALSE),"")) | E554: =IF(B554="","",IFERROR(VLOOKUP(B554,BASE_ALUMNOS!$A$2:$E$361,3,FALSE),"")) | F554: =IF(B554="","","PRESENTE") | G554: =IF(B554="","",IF(COUNTIFS($A$2:A554,A554,$B$2:B554,B554)=1,"","⛔ YA REGISTRADO"))
C555: =IF(B555="","",IFERROR(VLOOKUP(B555,BASE_ALUMNOS!$A$2:$E$361,5,FALSE),"ID NO ENCONTRADO")) | D555: =IF(B555="","",IFERROR(VLOOKUP(B555,BASE_ALUMNOS!$A$2:$E$361,2,FALSE),"")) | E555: =IF(B555="","",IFERROR(VLOOKUP(B555,BASE_ALUMNOS!$A$2:$E$361,3,FALSE),"")) | F555: =IF(B555="","","PRESENTE") | G555: =IF(B555="","",IF(COUNTIFS($A$2:A555,A555,$B$2:B555,B555)=1,"","⛔ YA REGISTRADO"))
C556: =IF(B556="","",IFERROR(VLOOKUP(B556,BASE_ALUMNOS!$A$2:$E$361,5,FALSE),"ID NO ENCONTRADO")) | D556: =IF(B556="","",IFERROR(VLOOKUP(B556,BASE_ALUMNOS!$A$2:$E$361,2,FALSE),"")) | E556: =IF(B556="","",IFERROR(VLOOKUP(B556,BASE_ALUMNOS!$A$2:$E$361,3,FALSE),"")) | F556: =IF(B556="","","PRESENTE") | G556: =IF(B556="","",IF(COUNTIFS($A$2:A556,A556,$B$2:B556,B556)=1,"","⛔ YA REGISTRADO"))
... C1001: =IF(B1001="","",IFERROR(VLOOKUP(B1001,BASE_ALUMNOS!$A$2:$E$361,5,FALSE),"ID NO ENCONTRADO")) | D1001: =IF(B1001="","",IFERROR(VLOOKUP(B1001,BASE_ALUMNOS!$A$2:$E$361,2,FALSE),"")) | E1001: =IF(B1001="","",IFERROR(VLOOKUP(B1001,BASE_ALUMNOS!$A$2:$E$361,3,FALSE),"")) | F1001: =IF(B1001="","","PRESENTE") | G1001: =IF(B1001="","",IF(COUNTIFS($A$2:A1001,A1001,$B$2:B1001,B1001)=1,"","⛔ YA REGISTRADO"))
G1002: =IF(B1002="","",IF(COUNTIFS($A$2:A1002,A1002,$B$2:B1002,B1002)=1,"","⛔ YA REGISTRADO"))
G1003: =IF(B1003="","",IF(COUNTIFS($A$2:A1003,A1003,$B$2:B1003,B1003)=1,"","⛔ YA REGISTRADO"))
G1004: =IF(B1004="","",IF(COUNTIFS($A$2:A1004,A1004,$B$2:B1004,B1004)=1,"","⛔ YA REGISTRADO"))
G1005: =IF(B1005="","",IF(COUNTIFS($A$2:A1005,A1005,$B$2:B1005,B1005)=1,"","⛔ YA REGISTRADO"))
G1006: =IF(B1006="","",IF(COUNTIFS($A$2:A1006,A1006,$B$2:B1006,B1006)=1,"","⛔ YA REGISTRADO"))
G1007: =IF(B1007="","",IF(COUNTIFS($A$2:A1007,A1007,$B$2:B1007,B1007)=1,"","⛔ YA REGISTRADO"))
G1008: =IF(B1008="","",IF(COUNTIFS($A$2:A1008,A1008,$B$2:B1008,B1008)=1,"","⛔ YA REGISTRADO"))
G1009: =IF(B1009="","",IF(COUNTIFS($A$2:A1009,A1009,$B$2:B1009,B1009)=1,"","⛔ YA REGISTRADO"))
G1010: =IF(B1010="","",IF(COUNTIFS($A$2:A1010,A1010,$B$2:B1010,B1010)=1,"","⛔ YA REGISTRADO"))
G1011: =IF(B1011="","",IF(COUNTIFS($A$2:A1011,A1011,$B$2:B1011,B1011)=1,"","⛔ YA REGISTRADO"))
G1012: =IF(B1012="","",IF(COUNTIFS($A$2:A1012,A1012,$B$2:B1012,B1012)=1,"","⛔ YA REGISTRADO"))
G1013: =IF(B1013="","",IF(COUNTIFS($A$2:A1013,A1013,$B$2:B1013,B1013)=1,"","⛔ YA REGISTRADO"))
... G4101: =IF(B4101="","",IF(COUNTIFS($A$2:A4101,A4101,$B$2:B4101,B4101)=1,"","⛔ YA REGISTRADO"))

Sheet FALTANTES
A1: FALTAS POR FECHA
A4: FECHA:
A5: GRUPO:
A7: ID | B7: Nombre | C7: Turno | D7: Grupo
A8: {=_xlfn.LET( _xlpm.Grupo,$B$5, _xlpm.Fecha,$B$4, _xlpm.Base,_xlfn._xlws.FILTER(BASE_ALUMNOS!A2:E1000,BASE_ALUMNOS!C2:C1000=_xlpm.Grupo), _xlpm.IDsPresentes,_xlfn._xlws.FILTER(REGISTRO_ASISTENCIA!B2:B1000,REGISTRO_ASISTENCIA!A2:A1000=_xlpm.Fecha), _xlpm.Faltantes,_xlfn._xlws.FILTER(_xlpm.Base,ISERROR(MATCH(INDEX(_xlpm.Base,,1),_xlpm.IDsPresentes,0))), _xlfn.CHOOSECOLS(_xlpm.Faltantes,1,5,2,3) )} -> 0 | B8: 0 | C8: 0 | D8: 0
A9: 0 | B9: 0 | C9: 0 | D9: 0
A10: 0 | B10: 0 | C10: 0 | D10: 0
A11: 0 | B11: 0 | C11: 0 | D11: 0
A12: 0 | B12: 0 | C12: 0 | D12: 0
A13: 0 | B13: 0 | C13: 0 | D13: 0
A14: 0 | B14: 0 | C14: 0 | D14: 0
A15: 0 | B15: 0 | C15: 0 | D15: 0
A16: 0 | B16: 0 | C16: 0 | D16: 0
A17: 0 | B17: 0 | C17: 0 | D17: 0
A18: 0 | B18: 0 | C18: 0 | D18: 0
A19: 0 | B19: 0 | C19: 0 | D19: 0
A20: 0 | B20: 0 | C20: 0 | D20: 0
... A806: 0 | B806: 0 | C806: 0 | D806: 0

Sheet LISTA_IDS
A1: ID | B1: Turno | C1: Grupo | D1: No. de lista | F1: Fechas
A2: 22001 | B2: Matutino | C2: 22 | D2: 1 | F2: {=IFERROR(_xlfn._xlws.SORT(_xlfn.UNIQUE(_xlfn._xlws.FILTER(REGISTRO_ASISTENCIA!A2:A1000,REGISTRO_ASISTENCIA!A2:A1000<>""))),"")}
A3: 22002 | B3: Matutino | C3: 22 | D3: 2
A4: 22003 | B4: Matutino | C4: 22 | D4: 3
A5: 22004 | B5: Matutino | C5: 22 | D5: 4
A6: 22005 | B6: Matutino | C6: 22 | D6: 5
A7: 22006 | B7: Matutino | C7: 22 | D7: 6
A8: 22007 | B8: Matutino | C8: 22 | D8: 7
A9: 22008 | B9: Matutino | C9: 22 | D9: 8
A10: 22009 | B10: Matutino | C10: 22 | D10: 9
A11: 22010 | B11: Matutino | C11: 22 | D11: 10
A12: 22011 | B12: Matutino | C12: 22 | D12: 11
A13: 22012 | B13: Matutino | C13: 22 | D13: 12
A14: 22013 | B14: Matutino | C14: 22 | D14: 13
... A201: 26040 | B201: Matutino | C201: 26 | D201: 40
